{
    "male": {
        "fdom": {
            "x": -0.1275330396475771,
            "y": -0.0540540540540541
        },
        "mdom": {
            "x": 0.0775330396475771,
            "y": 0.0226351351351351
        },
        "pegging": {
            "x": -0.1121145374449339,
            "y": -0.0368243243243243
        },
        "futa": {
            "x": -0.1079295154185022,
            "y": -0.0398648648648649
        },
        "monsters": {
            "x": -0.0861233480176211,
            "y": -0.0445945945945946
        },
        "ftoys": {
            "x": -0.0889867841409692,
            "y": -0.0135135135135135
        },
        "mtoys": {
            "x": -0.0693832599118943,
            "y": -0.0226351351351351
        },
        "fsub": {
            "x": 0.0037444933920705,
            "y": -0.0209459459459459
        },
        "msub": {
            "x": -0.0682819383259912,
            "y": -0.0236486486486486
        },
        "lbondage": {
            "x": -
        }
    }
}
